ticker,name,listed
0001A0.KQ,덕양에너젠,2026-01-30
0007J0.KQ,인벤테라,2026-04-02
0008Z0.KQ,에스엔시스,2025-08-19
0009K0.KQ,에임드바이오,2025-12-04
0010S0.KQ,와이즈플래닛컴퍼니,2026-09-23
0011T0.KQ,채비,2026-04-29
0015S0.KQ,페스카로,2025-12-10
0035S0.KQ,빅웨이브로보틱스,2026-09-29
003670.KS,포스코퓨처엠,2019-05-29
0039P0.KQ,매드업,2026-07-01
0082N0.KQ,카나프테라퓨틱스,2026-03-16
0088M0.KQ,메쥬,2026-03-26
009900.KS,명신산업,2020-12-07
0117P0.KQ,피스피스스튜디오,2026-06-08
0120G0.KS,삼양바이오팜,2025-11-24
012210.KQ,삼미금속,2025-12-29
0156T0.KQ,에이치엘지노믹스,2026-07-24
0161M0.KQ,네오사피엔스,2026-09-21
030190.KS,NICE평가정보,2023-08-08
031210.KS,서울보증보험,2025-03-14
034230.KS,파라다이스,2024-06-24
044990.KQ,에이치엔에스하이텍,2024-10-25
053080.KQ,케이엔솔,2020-09-24
053580.KQ,웹케시,2019-01-25
060850.KQ,영림원소프트랩,2020-08-12
061090.KQ,세나테크놀로지,2025-11-14
067370.KQ,선바이오,2022-10-05
086710.KQ,선진뷰티사이언스,2021-01-27
088280.KQ,쏘닉스,2023-11-07
088340.KQ,유라클,2024-08-16
089860.KS,롯데렌탈,2021-08-19
091810.KS,트리니티항공,2018-08-01
092190.KQ,서울바이오시스,2020-03-06
092790.KS,넥스틸,2023-08-21
097520.KS,엠씨넥스,2021-07-06
099430.KQ,바이오플러스,2021-09-27
100090.KS,SK오션플랜트,2023-04-19
101970.KQ,우양에이치씨,2025-03-28
103840.KQ,우양,2019-11-20
105760.KQ,포스뱅크,2024-01-29
107600.KQ,새빗켐,2022-08-04
108320.KS,LX세미콘,2022-11-03
109670.KQ,씨싸이트,2023-12-21
110790.KQ,크리스에프앤씨,2018-10-01
110990.KQ,디아이티,2018-08-07
111710.KQ,남화산업,2018-11-29
126720.KS,수산인더스트리,2022-08-01
128540.KQ,에코캡,2018-12-05
129920.KQ,대성하이텍,2022-08-22
136410.KQ,아셈스,2022-02-07
137080.KQ,나래나노텍,2022-02-08
137310.KS,에스디바이오센서,2021-07-16
139990.KS,아주스틸,2021-08-20
140430.KQ,카티스,2024-05-03
145170.KQ,노브랜드,2024-05-23
146060.KQ,율촌,2023-09-08
146320.KQ,비씨엔씨,2022-03-03
148780.KQ,비큐AI,2022-06-20
153710.KQ,옵티팜,2018-10-26
159010.KQ,아스플로,2021-10-07
162300.KQ,신스틸,2022-12-23
173130.KQ,오파스넷,2018-08-24
176750.KQ,듀켐바이오,2024-12-20
177900.KQ,쓰리에이로직스,2024-12-24
178920.KS,PI첨단소재,2021-08-09
179290.KQ,엠아이텍,2018-11-29
179530.KQ,애드바이오텍,2022-01-24
186230.KQ,그린플러스,2019-08-07
188040.KQ,바이오포트,2025-05-16
194700.KQ,노바렉스,2018-11-14
195500.KQ,마니커에프앤지,2019-08-20
197140.KQ,디지캡,2018-09-07
198080.KQ,캐프,2020-03-16
198940.KQ,한주라이트메탈,2023-01-19
199480.KQ,뱅크웨어글로벌,2024-08-12
199550.KQ,레이저옵텍,2024-02-01
204020.KQ,그리티,2018-07-23
204610.KQ,티쓰리,2022-11-17
214260.KQ,라파스,2019-11-11
216080.KQ,제테마,2019-11-14
217330.KQ,싸이토젠,2018-11-22
225220.KQ,제놀루션,2020-07-24
226330.KQ,신테카바이오,2019-12-17
226590.KQ,엠디바이스,2025-03-07
228670.KQ,레이,2019-08-08
229000.KQ,젠큐릭스,2020-06-25
232680.KQ,라온로보틱스,2021-06-17
234340.KQ,헥토파이낸셜,2019-07-12
236810.KQ,엔비티,2021-01-21
237820.KQ,플레이디,2020-03-12
238200.KQ,비피도,2018-12-26
240550.KQ,동방메디컬,2025-02-13
247540.KQ,에코프로비엠,2019-03-05
248070.KS,솔루엠,2021-02-02
252990.KQ,샘씨엔에스,2021-05-20
253840.KQ,수젠텍,2019-05-28
257720.KQ,실리콘투,2021-09-29
260970.KQ,에스앤디,2021-09-29
262260.KQ,에이프로,2020-07-16
267850.KS,아시아나IDT,2018-11-23
271830.KQ,팸텍,2023-05-23
272110.KQ,케이엔제이,2019-10-25
272210.KS,한화시스템,2019-11-13
273640.KQ,와이엠텍,2021-09-10
274400.KQ,이노시뮬레이션,2023-07-06
275630.KQ,에스에스알,2018-08-06
277810.KQ,레인보우로보틱스,2021-02-03
278650.KQ,HLB바이오스텝,2019-11-27
279600.KQ,미디어젠,2019-11-05
282620.KQ,기도산업,2026-08-21
285490.KQ,노바텍,2018-11-02
285800.KQ,진영,2023-06-01
286750.KQ,나노실리칸첨단소재,2019-08-19
288180.KQ,케이피항공산업,2026-05-19
288620.KQ,에스프리즘,2018-10-15
289080.KQ,SV인베스트먼트,2018-07-06
290090.KQ,트윔,2021-11-17
290520.KQ,신도기연,2020-07-06
290550.KQ,디케이티,2018-12-21
290650.KQ,엘앤씨바이오,2018-11-01
290690.KQ,아리바이오홀딩스,2020-11-06
290720.KQ,푸드나무,2018-10-04
290740.KQ,액트로,2018-08-28
291230.KQ,컴투스엔,2018-09-13
293480.KS,하나제약,2018-10-02
293490.KQ,카카오게임즈,2020-09-10
293780.KQ,압타바이오,2019-06-12
294630.KQ,서남,2020-02-20
295310.KQ,에이치브이엠,2024-06-28
297890.KQ,HB솔루션,2020-06-22
298000.KS,효성화학,2018-07-13
298050.KS,HS효성첨단소재,2018-07-13
298540.KQ,더네이쳐홀딩스,2020-07-27
298830.KQ,슈어소프트테크,2023-04-28
299660.KQ,셀리드,2019-02-20
300080.KQ,플리토,2019-07-17
300720.KS,한일시멘트,2018-08-06
301300.KQ,바이브컴퍼니,2020-10-28
302440.KS,SK바이오사이언스,2021-03-18
303360.KQ,프로티아,2023-06-16
303810.KQ,동국생명과학,2025-02-17
304840.KQ,피플바이오,2020-10-19
305090.KQ,마이크로디지탈,2019-06-05
306200.KS,세아제강,2018-10-05
307180.KQ,아이엘,2018-12-21
307280.KQ,원바이오젠,2018-12-05
307750.KQ,국전,2018-12-19
307870.KQ,비투엔,2018-12-12
307930.KQ,컴퍼니케이,2019-05-23
308170.KS,씨티알모빌리티,2019-11-25
310870.KQ,디와이씨,2018-12-20
311320.KQ,지오엘리먼트,2021-11-11
311690.KQ,CJ 바이오사이언스,2019-12-26
315640.KQ,딥노이드,2021-08-17
316140.KS,우리금융지주,2019-02-13
317330.KQ,덕산테코피아,2019-08-02
317850.KQ,대모,2019-07-24
318060.KQ,그래피,2025-08-25
318160.KQ,셀바이오휴먼텍,2023-04-20
318410.KQ,비비씨,2020-09-21
319400.KQ,현대무벡스,2019-05-08
321260.KQ,프로이천,2019-05-31
321370.KQ,센서뷰,2023-07-19
321550.KQ,티움바이오,2019-11-22
322510.KQ,제이엘케이,2019-12-11
322780.KQ,코퍼스코리아,2019-05-31
323280.KQ,태성,2019-06-24
323990.KQ,박셀바이오,2020-09-22
327260.KQ,RF머트리얼즈,2019-12-24
328130.KQ,루닛,2022-07-21
328380.KQ,솔트웨어,2019-08-20
329180.KS,HD현대중공업,2021-09-17
331520.KQ,밸로프,2019-10-29
331920.KQ,셀레믹스,2020-08-21
332290.KQ,누보,2019-10-11
333430.KQ,일승,2019-11-06
334970.KQ,프레스티지바이오로직스,2021-03-11
335810.KQ,프리시젼바이오,2020-12-22
335870.KQ,윙스풋,2019-12-09
336060.KQ,웨이버스,2019-11-28
336260.KS,두산퓨얼셀,2019-10-18
336370.KS,솔루스첨단소재,2019-10-18
337930.KQ,젝시믹스,2020-08-13
339770.KS,교촌에프앤비,2020-11-12
340450.KQ,지씨지놈,2025-06-11
340570.KQ,티앤엘,2020-11-20
340810.KQ,시선AI,2023-05-19
342870.KQ,오아,2025-09-09
344820.KS,케이씨씨글라스,2020-01-21
344860.KQ,이노진,2023-02-20
347770.KQ,핌스,2020-09-18
347850.KQ,디앤디파마텍,2024-05-02
347890.KQ,엠엑스온,2020-07-29
348080.KQ,큐라티스,2023-06-15
348150.KQ,고바이오랩,2020-11-18
348210.KQ,넥스틴,2020-10-08
348350.KQ,위드텍,2020-10-30
348370.KQ,엔켐,2021-11-01
351330.KQ,이삭엔지니어링,2021-04-21
351870.KQ,차이커뮤니케이션,2024-09-27
352480.KQ,씨앤씨인터내셔널,2021-05-17
353200.KS,대덕전자,2020-05-21
354320.KQ,알멕,2023-06-30
356680.KQ,엑스게이트,2023-03-16
357230.KQ,에이치피오,2021-05-14
357550.KQ,석경에이티,2020-12-23
357780.KQ,솔브레인,2020-08-06
358570.KQ,지아이이노베이션,2023-03-30
359090.KQ,씨엔알리서치,2020-09-23
360070.KQ,탑머티리얼,2022-10-18
360350.KQ,코셈,2024-02-23
361570.KQ,알비더블유,2021-11-22
361670.KQ,삼영에스앤씨,2021-05-21
362320.KQ,청담글로벌,2022-06-03
362990.KQ,드림인사이트,2024-01-25
363250.KQ,진시스템,2021-05-26
365270.KQ,큐라클,2021-07-22
365330.KQ,에스와이스틸텍,2023-11-13
365590.KQ,하이딥,2020-12-21
368600.KQ,아이씨에이치,2022-07-29
368770.KQ,파이버프로,2021-01-21
368970.KQ,오에스피,2022-10-14
370090.KQ,퓨런티어,2022-02-23
371950.KQ,풍원정밀,2022-02-28
372170.KQ,윤성에프앤씨,2022-11-14
372320.KQ,큐로셀,2023-11-09
373170.KQ,엠아이큐브솔루션,2023-08-04
376180.KQ,피코그램,2021-11-03
376270.KQ,HEM파마,2024-11-05
376290.KQ,씨유테크,2021-10-08
376300.KQ,디어유,2021-11-10
376980.KQ,원티드랩,2021-08-11
377450.KQ,리파인,2021-10-29
377480.KQ,마음AI,2021-11-23
377740.KS,바이오노트,2022-12-22
378850.KS,화승알앤에이,2021-03-15
382480.KQ,지아이텍,2021-10-21
382800.KQ,지앤비에스 에코,2021-10-29
382900.KQ,범한퓨얼셀,2022-06-17
383220.KS,F&F,2021-05-21
384470.KQ,코어라인소프트,2023-09-18
386380.KQ,스카이랩스,2026-09-04
387570.KQ,파인메딕스,2024-12-26
388790.KQ,라이콤,2021-09-03
389020.KQ,자람테크놀로지,2023-03-07
389030.KQ,지니너스,2021-11-08
389140.KQ,포바이포,2022-04-28
389470.KQ,인벤티지랩,2022-11-22
393890.KQ,더블유씨피,2022-09-30
396270.KQ,넥스트칩,2022-07-01
397030.KQ,에이프릴바이오,2022-07-28
397810.KQ,애드포러스,2025-08-22
398120.KQ,에스지헬스케어,2024-12-19
399720.KQ,가온칩스,2022-05-20
402030.KQ,코난테크놀로지,2022-07-07
402340.KS,SK스퀘어,2021-11-29
403490.KQ,우듬지팜,2023-09-19
403850.KQ,더핑크퐁컴퍼니,2025-11-18
405100.KQ,큐알티,2022-11-02
405920.KQ,나라셀라,2023-06-02
406820.KQ,뷰티스킨,2023-07-24
407400.KQ,꿈비,2023-02-09
408470.KQ,한패스,2026-03-25
408900.KQ,스튜디오미르,2023-02-07
408920.KQ,메쎄이상,2022-03-07
413390.KQ,엠오티,2024-11-18
413630.KQ,씨피시스템,2022-03-31
415380.KQ,스튜디오삼익,2024-02-06
415640.KS,KB발해인프라,2024-11-29
416180.KQ,신성에스티,2023-10-19
417030.KQ,니어스랩,2026-08-24
417180.KQ,핑거스토리,2022-12-08
417200.KQ,LS머트리얼즈,2023-12-12
417500.KQ,제이아이테크,2022-11-04
417790.KQ,트루엔,2023-05-17
417860.KQ,오브젠,2023-01-30
418420.KQ,라온텍,2023-03-09
418470.KQ,KT밀리의서재,2023-09-27
419080.KQ,엔젯,2022-11-18
419120.KQ,산돌,2022-10-27
419530.KQ,SAMG엔터,2022-12-06
419540.KQ,비스토스,2022-10-18
420770.KQ,기가비스,2023-05-24
424760.KQ,벨로크,2022-07-22
424870.KQ,이뮨온시아,2025-05-19
432470.KQ,케이엔에스,2023-12-06
432980.KQ,엠에프씨,2024-12-26
437730.KQ,삼현,2024-03-21
438700.KQ,버넥트,2023-07-26
439260.KS,대한조선,2025-08-01
439960.KQ,코스모로보틱스,2026-05-11
440290.KQ,HB인베스트먼트,2024-01-25
443250.KQ,레뷰코퍼레이션,2023-10-06
446070.KS,유니드비티플러스,2022-11-28
450950.KQ,아스테라시스,2025-01-24
451760.KQ,컨텍,2023-11-09
452190.KQ,한빛레이저,2024-01-04
452260.KS,한화갤러리아,2023-03-31
453340.KS,현대그린푸드,2023-04-10
454910.KS,두산로보틱스,2023-10-05
456160.KQ,지투지바이오,2025-08-14
457190.KS,이수스페셜티케미컬,2023-05-31
457370.KQ,한켐,2024-10-22
457550.KQ,우진엔텍,2024-01-24
457600.KQ,벡트,2024-12-16
459510.KQ,나우로보틱스,2025-05-08
460860.KS,동국제강,2023-06-16
460870.KQ,에스엠씨지,2025-03-07
460930.KQ,현대힘스,2024-01-26
460940.KQ,피앤에스로보틱스,2024-07-31
461030.KQ,아이엠비디엑스,2024-04-03
461300.KQ,아이스크림미디어,2024-08-30
462310.KQ,뉴키즈온,2025-07-09
462350.KQ,이노스페이스,2024-07-02
462510.KQ,라메디텍,2024-06-17
462860.KQ,더즌,2025-03-24
463480.KQ,모티브링크,2025-02-20
464280.KQ,티디에스팜,2024-08-21
464490.KQ,쿼드메디슨,2025-12-12
465480.KQ,인스피언,2024-10-18
468530.KQ,프로티나,2025-07-29
468670.KQ,브릴스,2026-10-01
469750.KQ,아이비젼웍스,2024-09-03
472850.KQ,폰드그룹,2024-02-02
473980.KQ,노머스,2024-11-12
474650.KQ,링크솔루션,2025-06-10
475150.KS,SK이터닉스,2024-03-29
475230.KQ,엔알비,2025-07-28
475400.KQ,씨메스로보틱스,2024-10-24
475460.KQ,미트박스,2025-01-23
475560.KS,더본코리아,2024-11-06
475580.KQ,에이럭스,2024-11-01
475660.KQ,에스켐,2024-11-18
476060.KQ,온코닉테라퓨틱스,2024-12-19
476830.KQ,알지노믹스,2025-12-18
477850.KQ,마키나락스,2026-05-20
479960.KQ,위너스일렉,2025-02-24
480370.KS,씨케이솔루션,2025-03-17
483350.KQ,딜리셔스,2026-08-12
483650.KS,달바글로벌,2025-05-22
484120.KQ,도우인시스,2025-07-23
484810.KQ,티엑스알로보틱스,2025-03-20
484870.KS,엠앤씨솔루션,2024-12-16
486990.KQ,노타,2025-11-03
487400.KQ,케이앤에스아이앤씨,2026-08-13
487580.KQ,폴레드,2026-05-14
489460.KQ,바이오비쥬,2025-05-20
489500.KQ,엘케이켐,2025-02-25
491000.KQ,리브스메드,2025-12-24
493280.KQ,아이엠바이오로직스,2026-03-20
493330.KQ,지에프아이,2026-01-14
499790.KS,GS피앤엘,2024-12-23
900340.KQ,윙입푸드,2018-11-30
950190.KQ,고스트스튜디오,2020-08-18
950200.KQ,소마젠,2020-07-13
950210.KS,프레스티지바이오파마,2021-02-05
950220.KQ,네오이뮨텍,2021-03-16
950260.KQ,인제니아테라퓨틱스,2026-08-18
